Solanum,Accession,Longitude,Latitude
S. peruvianum,LA1517,-77.33333,-11.35
S. pimpinellifolium,LA1547,-77.93333,0.58333
S. lycopersicum,LA1480,-78.16667,-2.46667
S. lycopersicum,LA1481,-78.16667,-2.46667
S. galapagense,LA1508,-90.42306,-1.21611
S. lycopersicum,LA1509,117.9,4.26667
S. lycopersicum,LA1511,-44.23333,-19.45
S. lycopersicum,LA1512,-89.08333,13.7
S. peruvianum,LA1513,-74.36667,-15.78333
S. pimpinellifolium,LA1514,-77.11889,-11.04528
S. pimpinellifolium,LA1478,-80.08333,-5.21667
S. peruvianum,LA1516,-76.225,-13.23333
S. ochranthum,LA1477,-76.96667,1.6
S. peruvianum,LA1518,-77.325,-11.36667
S. lycopersicum,LA1519,-76.93333,-12.03333
S. pimpinellifolium,LA1520,-77.11889,-11.04528
S. pimpinellifolium,LA1521,-76.50528,-12.76472
S. pennellii,LA1522,-77.16667,-11.08333
S. pennellii,LA1523,-77.325,-11.36667
S. pennellii,LA1524,-78.53333,-8.76667
S. cheesmaniae,LA1538,-91.56667,-0.36667
S. pimpinellifolium,LA1602,-76.98333,-11.78333
S. pennellii,LA1515,-77.11889,-11.04528
S. pimpinellifolium,LA1466,-79.38333,-6.63333
S. lycopersicum,LA1453,-159.46667,21.86667
S. lycopersicum,LA1455,-99.68333,25.25
S. lycopersicum,LA1456,-96.13333,19.16667
S. lycopersicum,LA1457,-97.4,18.46667
S. lycopersicum,LA1458,-98.05,20.16667
S. lycopersicum,LA1460,-90.73333,14.55
S. lycopersicum,LA1461,121.23333,14.15
S. lycopersicum,LA1462,-89.61667,20.96667
S. lycopersicum,LA1463,-90.52972,14.5975
S. lycopersicum,LA1479,-78.16667,-2.46667
S. lycopersicum,LA1465,-84.71667,14.45
S. lycopersicum,LA1548,-74.46667,-11.16667
S. lycopersicum,LA1467,-76.51667,3.45
S. lycopersicum,LA1468,-76.51667,3.45
S. pimpinellifolium,LA1469,-79.79,-5.86
S. pimpinellifolium,LA1470,-79.73333,-6.06667
S. pimpinellifolium,LA1471,-79.75,-6.31667
S. pimpinellifolium,LA1472,-76.25,-13.31667
S. corneliomulleri,LA1473,-76.61667,-11.83333
S. peruvianum,LA1475,-77.76667,-10.75
S. habrochaites,LA1476,-75.94167,-12.58806
S. lycopersicum,LA1464,-87.81667,15.38333
S. pimpinellifolium,LA1592,-79.11667,-8.175
S. lycopersicum,LA1545,-89.46667,18.51667
S. pimpinellifolium,LA1582,-79.73333,-6.15
S. pimpinellifolium,LA1583,-79.72,-6.23
S. pimpinellifolium,LA1584,-79.79,-6.37
S. pimpinellifolium,LA1585,-79.46639,-6.69222
S. pimpinellifolium,LA1586,-78.73,-8.36
S. pimpinellifolium,LA1587,-79.51667,-7.43333
S. pimpinellifolium,LA1588,-79,-8.10833
S. pimpinellifolium,LA1589,-78.74,-8.39
S. pimpinellifolium,LA1580,-79.87,-6.59
S. pimpinellifolium,LA1591,-79.11667,-7.71667
S. pimpinellifolium,LA1579,-79.87,-6.59
S. pimpinellifolium,LA1593,-78.67,-8.54
S. pimpinellifolium,LA1594,-78.26,-9.49
S. pimpinellifolium,LA1595,-78.47,-9.27
S. pimpinellifolium,LA1596,-78.56667,-8.925
S. pimpinellifolium,LA1597,-78.34,-9.47
S. pimpinellifolium,LA1598,-78.19,-9.93
S. pimpinellifolium,LA1599,-78.18333,-10.05833
S. pimpinellifolium,LA1600,-78.04,-10.28
S. chmielewskii,LA1327,-72.93333,-13.73333
S. pimpinellifolium,LA1590,-78.73,-8.37
S. pimpinellifolium,LA1561,-77.41667,-11.1
S. lycopersicum,LA1549,-75.48333,-10.58333
S. peruvianum,LA1550,-76.35,-11.8
S. corneliomulleri,LA1551,-76.38333,-11.86667
S. corneliomulleri,LA1552,-76.3,-11.75
S. corneliomulleri,LA1554,-76.62,-11.22
S. peruvianum,LA1555,-76.91667,-11.98333
S. peruvianum,LA1556,-77.03333,-12.13333
S. habrochaites,LA1557,-76.63,-11.22
S. habrochaites,LA1558,-76.48333,-11.44167
S. pimpinellifolium,LA1581,-79.89,-6.6
S. habrochaites,LA1560,-76.38333,-11.85
S. cheesmaniae,LA1450,-91.44,-0.97444
S. pimpinellifolium,LA1562,-76.81667,-12.13333
S. pimpinellifolium,LA1571,-76.71,-11.95
S. pimpinellifolium,LA1572,-76.78333,-11.96667
S. pimpinellifolium,LA1573,-76.83333,-11.98333
S. lycopersicum,LA1574,-76.83333,-11.98333
S. pimpinellifolium,LA1575,-76.76667,-12.08333
S. pimpinellifolium,LA1576,-76.86667,-12.16667
S. pimpinellifolium,LA1577,-79.18,-7.81
S. pimpinellifolium,LA1578,-79.58333,-7.33333
S. habrochaites,LA1559,-76.66667,-11.5
S. habrochaites,LA1363,-77.35,-10.15833
S. galapagense,LA1452,-91.05972,-0.37778
S. habrochaites,LA1353,-78.8,-7.36667
S. habrochaites,LA1354,-78.78333,-7.41667
S. pimpinellifolium,LA1355,-78.35,-9.18333
S. pennellii,LA1356,-78.16722,-9.07667
S. pimpinellifolium,LA1357,-78.15,-9.04167
S. huaylasense,LA1358,-77.96667,-9.53333
S. pimpinellifolium,LA1359,-77.9,-9.55833
S. huaylasense,LA1360,-77.93028,-9.54694
S. arcanum,LA1351,-78.81667,-7.28333
S. habrochaites,LA1362,-77.775,-9.54167
S. arcanum,LA1350,-79.15,-6.515
S. huaylasense,LA1364,-77.39167,-10.13333
S. huaylasense,LA1365,-77.425,-10.15833
S. habrochaites,LA1366,-77.43333,-10.15
S. pennellii,LA1367,-76.65389,-11.89222
S. peruvianum,LA1368,-76.65,-11.85833
S. corneliomulleri,LA1369,-76.63333,-11.78333
S. pimpinellifolium,LA1370,-76.65,-11.85833
S. pimpinellifolium,LA1371,-76.65389,-11.88944
S. lycopersicum,LA1372,-76.65611,-11.89333
S. habrochaites,LA1361,-77.89167,-9.55
S. pennellii,LA1340,-75.92917,-12.83472
S. habrochaites,LA0094,-76.68333,-11.51667
S. chmielewskii,LA1330,-72.75,-13.48333
S. corneliomulleri,LA1331,-74.95,-14.83333
S. pimpinellifolium,LA1332,-74.95,-14.83333
S. peruvianum,LA1333,-72.63333,-16.56667
S. lycopersicum,LA1334,-73.25,-16.4
S. pimpinellifolium,LA1335,-73.25,-16.4
S. peruvianum,LA1336,-73.62222,-16.20944
S. peruvianum,LA1337,-74.39167,-15.78333
S. habrochaites,LA1352,-78.79694,-7.33361
S. corneliomulleri,LA1339,-75.97833,-12.63583
S. pimpinellifolium,LA1375,-76.4025,-13.07472
S. pimpinellifolium,LA1341,-76.79167,-11.97083
S. pimpinellifolium,LA1342,-78.32944,-9.46028
S. pimpinellifolium,LA1343,-78.68056,-8.53639
S. pimpinellifolium,LA1344,-78.88806,-8.08611
S. pimpinellifolium,LA1345,-78.66667,-7.98333
S. arcanum,LA1346,-78.63333,-7.975
S. habrochaites,LA1347,-78.63778,-7.96111
S. pimpinellifolium,LA1348,-79.5,-7.45
S. pimpinellifolium,LA1349,-79.49972,-6.74361
S. lycopersicum,LA1338,-78,-1.48333
S. lycopersicum,LA1420,-76.88278,0.08472
S. cheesmaniae,LA1404,-91.61667,-0.36667
S. cheesmaniae,LA1405,-91.56667,-0.35
S. cheesmaniae,LA1406,-91.55,-0.38333
S. cheesmaniae,LA1407,-91.55639,-0.35139
S. galapagense,LA1408,-91.55861,-0.04611
S. cheesmaniae,LA1409,-91.36667,-0.13333
S. galapagense,LA1410,-91.05056,-0.34694
S. galapagense,LA1411,-90.82861,-0.20333
S. cheesmaniae,LA1412,-89.56667,-0.86667
S. corneliomulleri,LA1373,-76.57861,-12.78694
S. cheesmaniae,LA1414,-91.21667,-0.98333
S. galapagense,LA1401,-91.39056,-0.23722
S. lycopersicum,LA1421,-76.9925,0.085
S. lycopersicum,LA1423,-79.5,-0.26
S. cheesmaniae,LA1427,-91.55,-0.38333
S. pimpinellifolium,LA1428,-80.23333,-0.81667
S. lycopersicum,LA1429,-80.23333,-0.81667
S. cheesmaniae,LA1447,-90.28333,-0.73333
S. cheesmaniae,LA1448,-90.3,-0.73333
S. cheesmaniae,LA1449,-90.305,-0.74278
S. pimpinellifolium,LA1603,-77,-11.53333
S. cheesmaniae,LA1413,-90.3,-0.73333
S. lycopersicum,LA1388,-75.35,-11.11667
S. cheesmaniae,LA1451,-90.31667,-0.73333
S. pennellii,LA1376,-77.05,-10.96667
S. corneliomulleri,LA1377,-76.98333,-10.9
S. habrochaites,LA1378,-76.98333,-10.9
S. corneliomulleri,LA1379,-76.96667,-10.86667
S. pimpinellifolium,LA1380,-80.05056,-5.2525
S. pimpinellifolium,LA1381,-79.96667,-5.56667
S. pimpinellifolium,LA1384,-76.73333,-12.53333
S. lycopersicum,LA1385,-70.75,-13.23333
S. galapagense,LA1403,-91.55167,-0.29444
S. lycopersicum,LA1387,-70.75,-13.23333
S. cheesmaniae,LA1402,-91.55167,-0.29444
S. lycopersicum,LA1390,-76.91667,-12.08333
S. habrochaites,LA1392,-77.7,-9.55833
S. habrochaites,LA1393,-77.80833,-9.05
S. arcanum,LA1395,-77.85,-6.21667
S. arcanum,LA1396,-78.01667,-6.83333
S. lycopersicum,LA1397,-73.24722,-3.74806
S. lycopersicum,LA1398,-73.24722,-3.74806
S. pimpinellifolium,LA1399,-79.9,-2.16667
S. galapagense,LA1400,-91.40472,-0.15417
S. pimpinellifolium,LA1374,-75.15833,-14.68333
S. lycopersicum,LA1386,-78.03333,-6.85
S. peruvianum,LA1769,-76.6,-11.43333
S. pennellii,LA1809,-81.15,-5.11667
S. corneliomulleri,LA1758,-76.28333,-11.73333
S. peruvianum,LA1759,-76.8,-11.7
S. peruvianum,LA1760,-76.76667,-11.6
S. habrochaites,LA1761,-76.73333,-11.56667
S. habrochaites,LA1762,-77.08333,-11.91667
S. peruvianum,LA1763,-76.66667,-11.5
S. habrochaites,LA1764,-76.66667,-11.5
S. peruvianum,LA1766,-76.63333,-11.48333
S. corneliomulleri,LA1756,-76.28333,-11.71667
S. peruvianum,LA1768,-76.61667,-11.46667
S. corneliomulleri,LA1755,-76.35,-11.78333
S. peruvianum,LA1770,-76.6,-11.43333
S. habrochaites,LA1772,-76.65,-11.48333
S. habrochaites,LA1775,-77.88333,-9.51667
S. habrochaites,LA1777,-77.66667,-9.55
S. habrochaites,LA1778,-77.715,-9.5574
S. habrochaites,LA1779,-77.66,-9.56
S. habrochaites,LA1780,-77.76667,-9.53333
S. pimpinellifolium,LA1781,-80.41667,-0.61667
S. pimpinellifolium,LA1601,-77.68,-10.67
S. peruvianum,LA1767,-76.63333,-11.48333
S. habrochaites,LA1745,-75.96667,-12.68333
S. corneliomulleri,LA1723,-75.71667,-13.65
S. pennellii,LA1724,-75.71667,-13.65
S. lycopersicoides,LA1727,-69.95,-17.76667
S. pimpinellifolium,LA1728,-75.95,-13.4
S. pimpinellifolium,LA1729,-75.64056,-13.29694
S. habrochaites,LA1730,-75.62056,-13.25333
S. habrochaites,LA1731,-75.575,-13.20194
S. pennellii,LA1732,-75.75833,-13.38333
S. pennellii,LA1733,-75.91667,-12.83333
S. corneliomulleri,LA1757,-76.28333,-11.71667
S. pennellii,LA1735,-75.93333,-12.78333
S. lycopersicum,LA1909,-72.68333,-12.85
S. peruvianum,LA1746,-75.96667,-12.6
S. peruvianum,LA1747,-75.95,-12.6
S. habrochaites,LA1748,-75.95,-12.5
S. habrochaites,LA1749,-75.95,-12.5
S. habrochaites,LA1750,-75.85,-12.41667
S. peruvianum,LA1751,-76.53333,-11.9
S. peruvianum,LA1752,-76.51667,-11.9
S. habrochaites,LA1753,-76.43972,-11.88472
S. corneliomulleri,LA1754,-76.41667,-11.86667
S. pennellii,LA1734,-75.91667,-12.76667
S. peruvianum,LA1947,-73.65,-16.23333
S. chilense,LA1782,-74.625,-15.36667
S. corneliomulleri,LA1937,-73.77,-15.6
S. chilense,LA1938,-73.83333,-15.68333
S. chilense,LA1939,-73.63333,-16.11667
S. pennellii,LA1940,-73.61667,-15.975
S. pennellii,LA1941,-73.575,-15.83333
S. pennellii,LA1942,-73.5,-15.81667
S. pennellii,LA1943,-73.46667,-15.83333
S. corneliomulleri,LA1944,-73.46667,-15.83333
S. peruvianum,LA1935,-74.38333,-15.8
S. pennellii,LA1946,-73.39778,-15.81889
S. chilense,LA1934,-74.41667,-15.45
S. peruvianum,LA1948,-73.65,-16.23333
S. peruvianum,LA1949,-73.27778,-16.36167
S. pimpinellifolium,LA1950,-73.25806,-16.38861
S. peruvianum,LA1951,-73.08917,-16.46028
S. peruvianum,LA1952,-72.62944,-16.58028
S. lycopersicum,LA1953,-71.81778,-17.13611
S. peruvianum,LA1954,-72.08333,-17.01667
S. peruvianum,LA1955,-72.06639,-16.9675
S. peruvianum,LA1956,-72.06,-16.93444
S. corneliomulleri,LA1945,-73.39778,-15.81889
S. pimpinellifolium,LA1924,-75.21417,-14.62889
S. pennellii,LA1911,-75.22111,-14.44333
S. pennellii,LA1912,-75.22028,-14.44917
S. peruvianum,LA1913,-75.20056,-14.39833
S. peruvianum,LA1914,-75.14389,-14.34778
S. peruvianum,LA1916,-75.21667,-14.56667
S. chilense,LA1917,-74.91667,-14.26667
S. habrochaites,LA1918,-74.91667,-14.25
S. pennellii,LA1920,-75.1,-14.23333
S. pimpinellifolium,LA1921,-75.12722,-14.31194
S. pimpinellifolium,LA1936,-74.0325,-15.83361
S. pimpinellifolium,LA1923,-75.28333,-14.66667
S. pimpinellifolium,LA1720,-78,-9.51667
S. pimpinellifolium,LA1925,-74.94556,-14.83778
S. pennellii,LA1926,-74.975,-14.58333
S. habrochaites,LA1927,-74.81667,-14.45
S. habrochaites,LA1928,-74.82278,-14.39861
S. peruvianum,LA1929,-75.06667,-14.55
S. chilense,LA1930,-74.6,-15.29167
S. chilense,LA1931,-74.57833,-15.30028
S. chilense,LA1932,-74.7,-15.41667
S. pimpinellifolium,LA1933,-74.44583,-15.45639
S. peruvianum,LA1922,-75.17611,-14.42056
S. pimpinellifolium,LA1645,-77.03333,-12.13139
S. corneliomulleri,LA1722,-75.46528,-13.43528
S. pimpinellifolium,LA1629,-77.03333,-12.11667
S. pimpinellifolium,LA1630,-76.18333,-13.5
S. pimpinellifolium,LA1631,-79,-8.16667
S. lycopersicum,LA1632,-69.18333,-12.6
S. pimpinellifolium,LA1633,-75.86667,-13.36667
S. pimpinellifolium,LA1634,-75.06667,-14.63333
S. pimpinellifolium,LA1635,-75.06667,-14.63333
S. pimpinellifolium,LA1636,-76.08333,-13.45
S. galapagense,LA1627,-91.36667,-0.25
S. pimpinellifolium,LA1638,-76.8625,-12.00833
S. neorickii,LA1626A,-77.36667,-8.50833
S. corneliomulleri,LA1646,-76.72361,-11.56361
S. corneliomulleri,LA1647,-76.15,-13.18333
S. habrochaites,LA1648,-76.715,-11.55056
S. pennellii,LA1649,-74.99056,-14.63833
S. lycopersicum,LA1650,-75.05,-14.65
S. pimpinellifolium,LA1651,-76.94611,-12.08528
S. pimpinellifolium,LA1652,-76.775,-12.09167
S. corneliomulleri,LA1653,-71.58333,-16.4
S. lycopersicum,LA1654,-76.36667,-6.65
S. pimpinellifolium,LA1637,-75.83333,-13.36667
S. pimpinellifolium,LA1615,-80.63333,-5.23333
S. pimpinellifolium,LA1604,-77.08333,-11.48333
S. pimpinellifolium,LA1605,-76.41667,-13.08333
S. pimpinellifolium,LA1606,-76.2,-13.46667
S. pimpinellifolium,LA1607,-76.39,-13.09
S. pimpinellifolium,LA1608,-76.43333,-13.05
S. corneliomulleri,LA1609,-76.51667,-12.76667
S. pimpinellifolium,LA1610,-76.51667,-12.76667
S. pimpinellifolium,LA1611,-76.61667,-12.6
S. pimpinellifolium,LA1612,-76.73333,-12.5
S. pimpinellifolium,LA1628,-79.55,-7.16667
S. pimpinellifolium,LA1614,-77.36667,-11.11667
S. pennellii,LA1657,-78.13333,-9.46667
S. peruvianum,LA1616,-76.91667,-12.08333
S. pimpinellifolium,LA1617,-80.46667,-3.56667
S. pimpinellifolium,LA1618,-80.46667,-3.56667
S. lycopersicum,LA1619,-74.86667,-10.91667
S. lycopersicum,LA1620,-39.43333,-12.75
S. lycopersicum,LA1623,-89.71667,20.48333
S. habrochaites,LA1624,-80.58333,-1.3
S. habrochaites,LA1625,-80.51667,-1.5
S. arcanum,LA1626,-77.36667,-8.50833
S. pimpinellifolium,LA1613,-77.41667,-11.1
S. lycopersicum,LA1710,-83.73333,10.36667
S. pimpinellifolium,LA1690,-80.6175,-5.17639
S. habrochaites,LA1691,-75.91806,-12.45972
S. peruvianum,LA1692,-75.96556,-12.66861
S. pennellii,LA1693,-76.01167,-12.85778
S. corneliomulleri,LA1694,-75.78361,-12.8125
S. habrochaites,LA1695,-75.78361,-12.8125
S. habrochaites,LA1696,-75.78972,-12.82194
S. pimpinellifolium,LA1697,-76.98333,-12.05
S. lycopersicum,LA1698,-77.26667,-11.55
S. lycopersicum,LA1655,-76.36667,-6.48333
S. lycopersicum,LA1709,-87.94056,15.38361
S. pimpinellifolium,LA1687,-80.62,-5.07
S. lycopersicum,LA1711,-87.00917,14.00778
S. lycopersicum,LA1712,-83.56667,9.15
S. lycopersicum,LA1713,-83.65,9.9
S. ochranthum,LA1715,-79.45167,-5.24417
S. neorickii,LA1716,-79.45167,-5.24444
S. habrochaites,LA1717,-79.43333,-5.15
S. habrochaites,LA1718,-79.45,-5.23333
S. pimpinellifolium,LA1719,-79.99333,-3.55
S. chmielewskii,LA1325,-72.58333,-13.56667
S. lycopersicum,LA1701,-79.03333,-8.11667
S. pennellii,LA1674,-76.13333,-13.18333
S. habrochaites,LA1721,-75.46528,-13.43528
S. peruvianum,LA1658,-77.77083,-9.5375
S. pimpinellifolium,LA1659,-77.85861,-9.54667
S. pimpinellifolium,LA1660,-77.96667,-9.53333
S. pimpinellifolium,LA1661,-76.5,-12.76667
S. lycopersicum,LA1662,-71.23333,8.55
S. lycopersicum,LA1669,-76.25,-13.33333
S. pimpinellifolium,LA1670,-70.51667,-17.83333
S. pimpinellifolium,LA1671,-76.55,-12.4
S. pimpinellifolium,LA1689,-80.6175,-5.17639
S. lycopersicum,LA1673,-76.83333,-11.98333
S. pimpinellifolium,LA1688,-80.375,-4.88333
S. peruvianum,LA1675,-76.13333,-13.18333
S. pimpinellifolium,LA1679,-76.18333,-13.46667
S. pimpinellifolium,LA1680,-76.4,-13.11667
S. habrochaites,LA1681,-75.83333,-12.75
S. pimpinellifolium,LA1682,-76.4,-13.08333
S. pimpinellifolium,LA1683,-81.11,-4.87
S. pimpinellifolium,LA1684,-80.15,-5.1
S. pimpinellifolium,LA1685,-80.6975,-4.88667
S. pimpinellifolium,LA1686,-80.62,-5.07
S. pennellii,LA1656,-75.71667,-13.35
S. pimpinellifolium,LA1672,-76.83333,-11.98333
S. pimpinellifolium,LA0442,-78.25917,-9.48167
S. peruvianum,LA0452,-71.65,-16.28333
S. lycopersicum,LA0432,-90.31167,-0.75139
S. cheesmaniae,LA0433,-90.30472,-0.74278
S. cheesmaniae,LA0434,-90.3,-0.73333
S. cheesmaniae,LA0435,-90.32667,-0.7625
S. galapagense,LA0436,-90.9775,-0.9525
S. cheesmaniae,LA0437,-90.9775,-0.9525
S. galapagense,LA0438,-91.02111,-0.9775
S. cheesmaniae,LA0439,-90.31639,-0.7475
S. cheesmaniae,LA0430,-90.32556,-0.75278
S. arcanum,LA0441,-79.10361,-7.99139
S. cheesmaniae,LA0429,-90.32944,-0.64389
S. pimpinellifolium,LA0443,-79.48333,-1.1
S. corneliomulleri,LA0444,-76.13333,-13.43333
S. peruvianum,LA0445,-76.13333,-13.43333
S. peruvianum,LA0446,-74.39167,-15.78333
S. peruvianum,LA0447,-74.36361,-15.79611
S. peruvianum,LA0448,-74.23333,-15.85
S. peruvianum,LA0449,-73.65,-16.23333
S. peruvianum,LA0450,-72.63333,-16.56667
S. cheesmaniae,LA0749,-91.33333,-0.28333
S. habrochaites,LA0440,-78.91667,-2.26667
S. pimpinellifolium,LA0417,-79.91667,-2.73333
S. lycopersicum,LA0403,-80.63333,-5.2
S. lycopersicum,LA0404,-80.63333,-5.2
S. lycopersicum,LA0405,-80.63333,-5.2
S. lycopersicum,LA0406,-80.63333,-5.2
S. habrochaites,LA0407,-79.88361,-2.18056
S. pimpinellifolium,LA0411,-79.48333,-1.1
S. pimpinellifolium,LA0412,-79.48333,-1.1
S. pimpinellifolium,LA0413,-80.26667,-2.33333
S. pimpinellifolium,LA0414,-80.15,-2.26667
S. cheesmaniae,LA0431,-90.32556,-0.75278
S. lycopersicum,LA0416,-79.90833,-2.73917
S. peruvianum,LA0453,-71.68333,-16.28333
S. pimpinellifolium,LA0418,-79.93333,-1.86667
S. pimpinellifolium,LA0420,-79.65,-1.06
S. cheesmaniae,LA0421,-89.60944,-0.89778
S. cheesmaniae,LA0422,-89.60972,-0.89472
S. lycopersicum,LA0423,-89.60917,-0.89556
S. cheesmaniae,LA0425,-90.47306,-0.52278
S. galapagense,LA0426,-90.55,-0.28333
S. galapagense,LA0427,-90.6975,-0.41028
S. cheesmaniae,LA0428,-90.3,-0.65
S. lycopersicum,LA0415,-80.15,-2.26667
S. galapagense,LA0527,-90.55,-0.28333
S. corneliomulleri,LA0451,-71.66667,-16.28333
S. galapagense,LA0480A,-90.98333,-0.4
S. galapagense,LA0483,-91.55,-0.36667
S. peruvianum,LA0487,-79.11667,-7.71667
S. galapagense,LA0520,-91.55,-0.36667
S. cheesmaniae,LA0521,-91.55,-0.36667
S. cheesmaniae,LA0522,-91.55,-0.36667
S. cheesmaniae,LA0523,-91.43333,-1
S. cheesmaniae,LA0524,-91.43333,-1
S. lycopersicum,LA0478,-76.13333,-13.46667
S. galapagense,LA0526,-90.78333,0.58333
S. lycopersicum,LA0477,-76.13333,-13.46667
S. galapagense,LA0528,-90.31667,-0.75
S. cheesmaniae,LA0528B,-90.31667,-0.75
S. cheesmaniae,LA0529,-91.55,-0.36667
S. galapagense,LA0530,-91.55,-0.36667
S. cheesmaniae,LA0531,-90.28333,-0.41667
S. galapagense,LA0532,-90.68333,-0.6
S. cheesmaniae,LA0746,-91.41667,-1
S. galapagense,LA0747,-90.58333,-0.36667
S. neorickii,LA1329,-72.975,-13.85
S. galapagense,LA0525,-90.83167,-0.32917
S. lycopersicum,LA0467,-70.15,-18.41667
S. peruvianum,LA0454,-71.78333,-17.16667
S. peruvianum,LA0455,-71.78333,-17.16667
S. chilense,LA0456,-71.2,-17.25
S. lycopersicum,LA0457,-70.23333,-18
S. chilense,LA0458,-70.18333,-17.96667
S. chilense,LA0460,-70.01667,-17.8
S. lycopersicoides,LA0461,-69.99778,-17.81194
S. peruvianum,LA0462,-70.18333,-18.51667
S. peruvianum,LA0464,-70.15,-18.41667
S. peruvianum,LA0479,-76.85,-10.75
S. lycopersicum,LA0466,-70.15,-18.41667
S. lycopersicum,LA0401,-80.63333,-5.2
S. lycopersicum,LA0468,-70.15,-20.21667
S. sitiens,LA0469,-68.93333,-22.31667
S. chilense,LA0470,-70.45,-25.43333
S. chilense,LA0471,-70.50833,-17.83333
S. lycopersicum,LA0472,-70.23333,-18
S. lycopersicum,LA0473,-70.2,-17.93333
S. chilense,LA0474,-71.01667,-17.18333
S. lycopersicum,LA0475,-78.16667,-2.46667
S. lycopersicum,LA0476,-78.16667,-2.46667
S. peruvianum,LA0465,-70.15,-18.41667
S. lycopersicum,LA0134C,-74.22389,-13.15833
S. lycopersicum,LA0402B,-80.63333,-5.2
S. habrochaites,LA0123,-78.66667,-7.98333
S. arcanum,LA0124,-78.55,-7.88333
S. lycopersicum,LA0125D,-79.03333,-8.11667
S. lycopersicum,LA0126,-78.5,-0.21667
S. habrochaites,LA0128,-78.45,-1.4
S. ochranthum,LA0129,-77.81667,-0.6
S. chilense,LA0130,-70.96667,-17.2
S. lycopersicum,LA0131H,-71.53333,-16.38333
S. pimpinellifolium,LA0121,-78.99556,-8.18444
S. ochranthum,LA0133,-72.5025,-13.17083
S. corneliomulleri,LA0120,-76.30083,-11.76
S. lycopersicum,LA0135,-76.83333,-11.98333
S. lycopersicoides,LA0144,-70.24944,-17.26778
S. peruvianum,LA0153,-78.21667,-9.95
S. habrochaites,LA0163,-78.45,-1.4
S. cheesmaniae,LA0166,-90.31667,-0.75
S. ochranthum,LA0218,-75.83472,2.96639
S. peruvianum,LA0230,-70.28333,-18.31667
S. peruvianum,LA0231,-70.1,-18.41667
S. peruvianum,LA0242,-70.93528,-17.19556
S. lycopersicum,LA0132,-72.68333,-12.83333
S. corneliomulleri,LA0108,-76.6,-12.76139
S. habrochaites,LA0095,-76.68333,-11.51667
S. peruvianum,LA0098,-76.73333,-12.53333
S. peruvianum,LA0099,-76.90833,-12.03111
S. pimpinellifolium,LA0100,-76.71667,-11.95
S. peruvianum,LA0101,-77.03111,-12.00194
S. peruvianum,LA0102,-77.66667,-10.83333
S. corneliomulleri,LA0103,-76.90806,-11.98861
S. corneliomulleri,LA0104,-71.64028,-16.295
S. peruvianum,LA0105,-71.99944,-16.99472
S. pimpinellifolium,LA0122,-78.72,-8.01
S. corneliomulleri,LA0107,-76.38333,-13.01667
S. pennellii,LA0716,-73.61667,-16.225
S. huaylasense,LA0110,-77.45417,-10.155
S. peruvianum,LA0111,-77.73333,-10.8
S. habrochaites,LA0112,-77.45417,-10.155
S. lycopersicum,LA0113,-79.42944,-7.22722
S. pimpinellifolium,LA0114,-79.56667,-7.4
S. lycopersicum,LA0115,-79.48444,-7.17389
S. lycopersicum,LA0116,-79.85,-6.76667
S. lycopersicum,LA0117,-80.63333,-5.2
S. habrochaites,LA0119,-76.42444,-11.86444
S. peruvianum,LA0106,-71.80028,-17.03444
S. arcanum,LA0392,-78.94556,-7.20472
S. pimpinellifolium,LA0380,-79.46667,-7.45
S. pimpinellifolium,LA0381,-79.05,-7.2
S. arcanum,LA0383,-78.88333,-7.225
S. lycopersicum,LA0384,-78.85,-7.23333
S. arcanum,LA0385,-78.57611,-7.28861
S. habrochaites,LA0386,-78.5,-7.16
S. habrochaites,LA0387,-78.51667,-7.16667
S. habrochaites,LA0388,-78.49,-7.25639
S. arcanum,LA0389,-78.49,-7.25639
S. neorickii,LA0247,-76.58333,-9.78333
S. pimpinellifolium,LA0391,-78.68167,-7.24417
S. pimpinellifolium,LA0376,-79.13333,-7.83333
S. lycopersicum,LA0393,-79.85,-6.76667
S. lycopersicum,LA0394,-79.85,-6.76667
S. lycopersicum,LA0395,-79.85,-6.76667
S. lycopersicum,LA0396,-79.85,-6.76667
S. pimpinellifolium,LA0397,-79.71667,-6.75
S. pimpinellifolium,LA0398,-79.23611,-6.58139
S. habrochaites,LA0399,-79.50833,-5.84167
S. pimpinellifolium,LA0400,-79.96417,-5.26083
S. pennellii,LA0750,-75.03417,-14.77528
S. arcanum,LA0390,-78.68167,-7.24417
S. corneliomulleri,LA0366,-76.68333,-11.51667
S. lycopersicum,LA0402,-80.63333,-5.2
S. pimpinellifolium,LA0722,-79.03333,-8.11667
S. neorickii,LA0735,-76.20833,-10.375
S. chilense,LA0294,-70.23333,-18
S. galapagense,LA0317,-90.55,-0.28333
S. lycopersicum,LA0356,-77.03333,3.88333
S. habrochaites,LA0360,-76.63583,-11.47556
S. habrochaites,LA0361,-76.73,-11.56667
S. corneliomulleri,LA0363,-76.73333,-11.55
S. arcanum,LA0378,-78.81778,-7.47972
S. corneliomulleri,LA0365,-76.75,-11.58333
S. habrochaites,LA0377,-78.81667,-7.48333
S. corneliomulleri,LA0367,-76.71,-11.94639
S. peruvianum,LA0368,-76.71667,-11.95
S. pimpinellifolium,LA0369,-76.71667,-11.95
S. peruvianum,LA0370,-76.78333,-11.96667
S. peruvianum,LA0371,-77.73333,-10.8
S. peruvianum,LA0372,-78.23,-9.94
S. pimpinellifolium,LA0373,-78.23,-9.94
S. peruvianum,LA0374,-78.21,-9.94
S. pimpinellifolium,LA0375,-78.21,-9.94
S. lycopersicum,LA0292,-90.31667,-0.66667
S. corneliomulleri,LA0364,-76.65111,-11.50056
S. pimpinellifolium,LA1279,-76.81667,-12.13333
S. lycopersicum,LA1289,-74.47,-11.18
S. pimpinellifolium,LA1269,-77.10833,-11.475
S. peruvianum,LA1270,-77.10833,-11.475
S. corneliomulleri,LA1271,-77.08333,-11.48333
S. pennellii,LA1272,-77,-11.52
S. pennellii,LA1273,-76.98333,-11.5
S. corneliomulleri,LA1274,-76.9,-11.46
S. pennellii,LA1275,-77,-11.53333
S. pennellii,LA1276,-77,-11.53333
S. pimpinellifolium,LA1267,-79.93333,-1.86667
S. peruvianum,LA1278,-76.95833,-11.64167
S. habrochaites,LA1266,-78.975,-2.01111
S. pimpinellifolium,LA1280,-76.71667,-12.03333
S. corneliomulleri,LA1281,-76.64167,-12.025
S. pennellii,LA1282,-76.64167,-12.025
S. corneliomulleri,LA1283,-76.46667,-12.11667
S. corneliomulleri,LA1284,-76.51667,-12.08333
S. habrochaites,LA1285,-76.51667,-12.08333
S. lycopersicum,LA1286,-74.46667,-11.16667
S. lycopersicum,LA1287,-74.47,-11.17
S. galapagense,LA0748,-90.58389,-0.36972
S. pennellii,LA1277,-76.95833,-11.64167
S. habrochaites,LA1255,-79.21,-3.99722
S. lycopersicum,LA1241,-79.7,0.98333
S. pimpinellifolium,LA1245,-79.96667,-3.45833
S. pimpinellifolium,LA1246,-79.36,-3.99
S. lycopersicum,LA1247,-79.36,-3.99
S. pimpinellifolium,LA1248,-79.35,-3.98333
S. lycopersicum,LA1249,-79.21667,-4
S. lycopersicum,LA1250,-79.21667,-4
S. lycopersicum,LA1251,-79.21667,-4
S. habrochaites,LA1252,-79.21667,-4
S. lycopersicum,LA1268,-76.7675,-11.98278
S. habrochaites,LA1254,-79.2175,-4.26389
S. lycopersicum,LA1290,-74.56667,-11.35
S. pimpinellifolium,LA1256,-79.61667,-2.66667
S. lycopersicum,LA1257,-79.73333,-2.73333
S. pimpinellifolium,LA1258,-80.1,-1.48333
S. pimpinellifolium,LA1259,-79.46667,-1.58333
S. pimpinellifolium,LA1260,-79.53333,-1.55
S. pimpinellifolium,LA1261,-79.51667,-1.81667
S. pimpinellifolium,LA1262,-79.63,-2.25
S. habrochaites,LA1264,-79.1,-2.16667
S. habrochaites,LA1265,-79.03611,-2.125
S. habrochaites,LA1253,-79.2,-4.14
S. lycopersicum,LA1315,-73.88333,-12.68333
S. lycopersicum,LA1288,-74.47,-11.17
S. lycopersicum,LA1311-4,-73.78,-12.72
S. lycopersicum,LA1311-5,-73.78,-12.72
S. lycopersicum,LA1311-6,-73.78,-12.72
S. lycopersicum,LA1311-7,-73.78,-12.72
S. lycopersicum,LA1311-8,-73.78,-12.72
S. lycopersicum,LA1311-9,-73.78,-12.72
S. lycopersicum,LA1312-2,-73.78333,-12.61667
S. lycopersicum,LA1312-4,-73.78333,-12.61667
S. lycopersicum,LA1311-2,-73.78,-12.72
S. lycopersicum,LA1314,-73.82,-12.56
S. lycopersicum,LA1311-19,-73.78,-12.72
S. chmielewskii,LA1316,-73.915,-13.3925
S. chmielewskii,LA1317,-73.84167,-13.41667
S. chmielewskii,LA1318,-72.95833,-13.68333
S. neorickii,LA1319,-72.88139,-13.63389
S. lycopersicum,LA1320,-72.61667,-13.55
S. neorickii,LA1321,-72.66667,-13.06667
S. neorickii,LA1322,-72.43,-13.45
S. lycopersicum,LA1323,-72.36667,-13.11667
S. lycopersicum,LA1324,-72.75,-12.89167
S. lycopersicum,LA1313,-73.83,-12.47
S. lycopersicum,LA1311-1,-73.78,-12.72
S. corneliomulleri,LA1292,-76.30056,-11.75944
S. corneliomulleri,LA1293,-76.4,-11.85
S. corneliomulleri,LA1294,-76.44167,-11.86667
S. habrochaites,LA1295,-76.44167,-11.88333
S. corneliomulleri,LA1296,-76.51667,-11.9
S. pennellii,LA1297,-76.82,-11.7
S. habrochaites,LA1298,-76.75,-11.58333
S. lycopersicum,LA1307,-73.79167,-12.61667
S. lycopersicum,LA1308,-73.78333,-12.65
S. lycopersicum,LA1311-3,-73.78,-12.72
S. lycopersicum,LA1310,-73.7333,-12.6667
S. lycopersicum,LA1238,-79.55,0.63333
S. lycopersicum,LA1311-10,-73.78,-12.72
S. lycopersicum,LA1311-11,-73.78,-12.72
S. lycopersicum,LA1311-12,-73.78,-12.72
S. lycopersicum,LA1311-13,-73.78,-12.72
S. lycopersicum,LA1311-14,-73.78,-12.72
S. lycopersicum,LA1311-15,-73.78,-12.72
S. lycopersicum,LA1311-16,-73.78,-12.72
S. lycopersicum,LA1311-17,-73.78,-12.72
S. lycopersicum,LA1311-18,-73.78,-12.72
S. lycopersicum,LA1309,-73.73333,-12.66667
S. arcanum,LA2157,-78.80889,-6.50583
S. lycopersicum,LA1240,-79.7,0.98333
S. arcanum,LA1984,-78.55,-7.9
S. arcanum,LA1985,-78.64722,-7.97778
S. habrochaites,LA1986,-78.64722,-7.97778
S. pimpinellifolium,LA1987,-78.83,-8.43
S. lycopersicum,LA1988,-73.24722,-3.74806
S. arcanum,LA2152,-78.50833,-7.29167
S. arcanum,LA2153,-78.485,-7.25583
S. habrochaites,LA2154,-78.51444,-6.67333
S. huaylasense,LA1982,-77.85333,-8.81417
S. habrochaites,LA2156,-78.79,-6.53
S. corneliomulleri,LA1744,-75.95,-12.66667
S. habrochaites,LA2158,-78.88083,-6.47583
S. habrochaites,LA2329,-77.71278,-7.82028
S. arcanum,LA2330,-77.65444,-7.82417
S. arcanum,LA2331,-78.56667,-7.93333
S. habrochaites,LA2332,-78.57333,-7.92722
S. arcanum,LA2333,-78.64556,-7.97806
S. arcanum,LA2334,-78.5,-7.3
S. peruvianum,LA0752,-76.64889,-12.07222
S. pimpinellifolium,LA0753,-76.88333,-12.26667
S. habrochaites,LA2155,-78.53111,-6.67
S. pennellii,LA1303,-75.53333,-13.56667
S. pennellii,LA0751,-76.64167,-12.025
S. corneliomulleri,LA1133,-76.93333,-12
S. galapagense,LA1136,-90.29528,-1.33333
S. galapagense,LA1137,-90.71028,-0.4
S. cheesmaniae,LA1138,-91.26667,-0.88333
S. cheesmaniae,LA1139,-91.41667,-0.93333
S. cheesmaniae,LA1140,-91.3,-0.9
S. pennellii,LA1299,-76.70833,-11.65
S. corneliomulleri,LA1300,-76.70833,-11.65
S. huaylasense,LA1983,-77.97222,-8.68917
S. pennellii,LA1302,-75.71667,-13.63333
S. lycopersicum,LA0767,91.51667,14.83333
S. corneliomulleri,LA1304,-75.53333,-13.56667
S. corneliomulleri,LA1305,-75.35833,-13.38333
S. chmielewskii,LA1306,-74.01667,-12.95
S. habrochaites,LA1736,-79.41667,-5.3
S. habrochaites,LA1737,-79.42361,-5.29167
S. habrochaites,LA1738,-79.6,-5.36667
S. habrochaites,LA1739,-79.6,-5.36667
S. habrochaites,LA1740,-79.45,-5.23333
S. habrochaites,LA1741,-79.41667,-5.31667
S. pimpinellifolium,LA1301,-75.91667,-13.73333
S. lycopersicum,LA1226,-78.16,-2.49
S. cheesmaniae,LA1043,-91.00444,-0.88694
S. galapagense,LA1044,-90.54833,-0.28444
S. neorickii,LA1045,-72.7,-13.55
S. arcanum,LA1046,-78,-6.83333
Not determined,LA1047,-77.48333,-5.90833
S. neorickii,LA1132,-78.1,-5.91667
S. galapagense,LA1141,-90.75,-0.2
S. peruvianum,LA1161,-76.93333,-12
S. habrochaites,LA1223,-78.8506,-2.1959
S. lycopersicum,LA0763,-89.38333,13.63333
S. lycopersicum,LA1225,-78.13333,-2.36667
S. cheesmaniae,LA1040,-89.38389,-0.72583
S. lycopersicum,LA1227,-78.16,-2.49
S. lycopersicum,LA1228,-78.03,-2.17
S. lycopersicum,LA1229,-78.11667,-2.3
S. lycopersicum,LA1230,-78.11667,-2.31667
S. lycopersicum,LA1231,-77.81667,-0.98333
S. ochranthum,LA1232,-79.13333,-3.16667
S. pimpinellifolium,LA1236,-79.15,-0.25
S. pimpinellifolium,LA1237,-79.85,0.86667
S. chilense,LA1959,-71.0175,-17.18583
S. lycopersicum,LA1224,-77.98333,-1.46667
S. chmielewskii,LA1028,-73.01667,-13.88333
S. lycopersicum,LA1239,-79.7,0.98333
S. chilense,LA0869,-73.88333,-15.73333
S. cheesmaniae,LA0927,-90.30778,-0.74167
S. cheesmaniae,LA0928,-90.3,-0.75
S. galapagense,LA0929,-91.46667,0.1
S. galapagense,LA0930,-91.39111,-0.21472
S. cheesmaniae,LA0931,-90.835,-0.1825
S. cheesmaniae,LA0932,-91.36611,-0.27278
S. lycopersicum,LA1025,-158.01667,21.5
S. cheesmaniae,LA1042,-90.99389,-0.92056
S. arcanum,LA1027,-78.88222,-7.22694
S. cheesmaniae,LA1041,-90.26528,-0.66944
S. chilense,LA1029,-70.9,-17.16667
S. chilense,LA1030,-70.17417,-17.75833
S. arcanum,LA1031,-78.0475,-6.85694
S. arcanum,LA1032,-77.71333,-7.81111
S. galapagense,LA1034,-91.5575,-0.385
S. cheesmaniae,LA1035,-91.58306,-0.42861
S. cheesmaniae,LA1036,-91.35,-0.13333
S. cheesmaniae,LA1037,-91.11667,-0.4225
S. cheesmaniae,LA1039,-91.5325,-0.03889
S. lycopersicum,LA0765,-88.93333,13.71667
S. ochranthum,LA1026,-78.85,-6.36667
S. pimpinellifolium,LA2854,-80.58333,-1.35
S. habrochaites,LA2860,-79.55,-4.33333
S. peruvianum,LA2834,-74.81667,-14.76667
S. peruvianum,LA2835,-74.8,-14.75
S. pimpinellifolium,LA2836,-74.85,-14.78333
S. neorickii,LA2847,-77.98333,-5.91667
S. neorickii,LA2848,-78.05,-5.9
S. peruvianum,LA2849,-78.55,-5.51667
S. pimpinellifolium,LA2850,-80.65,-1.05
S. pimpinellifolium,LA2851,-80.66667,-1.05
S. pimpinellifolium,LA2832,-75.13333,-14.46667
S. pimpinellifolium,LA2853,-80.45,-1.05
S. pimpinellifolium,LA2831,-74.98333,-14.83333
S. chilense,LA3111,-70.03333,-17.46667
S. chilense,LA3112,-70.03333,-17.53333
S. chilense,LA3113,-70.02972,-17.5625
S. chilense,LA3114,-70.08444,-17.67639
S. habrochaites,LA2855,-79.95,-4.1
S. habrochaites,LA2856,-79.22917,-3.83389
S. pimpinellifolium,LA2857,-90.96667,-0.95
S. habrochaites,LA2858,-80.06667,-3.55
S. lycopersicoides,LA2954,-69.46667,-19.31667
S. pimpinellifolium,LA2852,-80.48333,-0.83333
S. lycopersicum,LA2790,-75.83528,5.68306
S. chilense,LA2779,-69.51667,-18.46667
S. chilense,LA2780,-69.51694,-18.49611
S. lycopersicoides,LA2781,-69.54028,-18.19917
S. lycopersicum,LA2782,-75.78333,6.06667
S. lycopersicum,LA2783,-75.78333,6.06667
S. lycopersicum,LA2784,-75.86667,5.65
S. lycopersicum,LA2785,-75.88333,5.7
S. lycopersicum,LA2786,-75.86667,5.65
S. lycopersicum,LA2787,-75.86667,5.65
S. pimpinellifolium,LA2833,-74.81667,-14.76667
S. lycopersicum,LA2789,-75.83806,5.65889
S. habrochaites,LA2861,-79.26667,-3.81667
S. lycopersicum,LA2791,-75.71667,5.7
S. lycopersicum,LA2792,-75.7,5.65
S. lycopersicum,LA2793,-75.7,5.68333
S. lycopersicum,LA2794,-75.68333,5.71667
S. lycopersicum,LA2807,-67.6,-15.83333
S. huaylasense,LA2808,-77.9,-8.86667
S. huaylasense,LA2809,-77.9,-8.86667
Other,LA2810,-77.74167,-6.23333
S. arcanum,LA2813,-78.5,-7.3
S. juglandifolium,LA2788,-75.77861,5.57944
S. lycopersicoides,LA2944,-69.58333,-18.18333
S. habrochaites,LA2859,-79.1746,-4.363
S. pimpinellifolium,LA2914B,-77.01667,-12.13333
S. pimpinellifolium,LA2915,-79.74528,-5.98472
S. arcanum,LA2917,-77.01667,-9.3
S. chilense,LA2930,-70.41667,-25.5
S. chilense,LA2931,-69.06667,-20.91667
S. chilense,LA2932,-70.225,-22.46806
S. pimpinellifolium,LA2933,-80.5625,-1.44167
S. pimpinellifolium,LA2934,-77.0375,-11.85444
S. neorickii,LA2913,-76.25,-10.23333
S. chilense,LA2943,-69.58333,-18.18333
S. chilense,LA2891,-70.42389,-25.4875
S. chilense,LA2945,-69.05,-20.81667
S. chilense,LA2946,-69.05,-20.91667
S. chilense,LA2947,-69.05,-20.91667
Other,LA2948,-69.05,-20.91667
S. chilense,LA2949,-69.18333,-19.68333
S. chilense,LA2950,-69.43333,-19.86667
S. lycopersicoides,LA2951,-69.45,-19.31667
S. chilense,LA2952,-69.5,-19.33333
S. peruvianum,LA1957,-71.77,-16.98694
S. peruvianum,LA2942,-69.86667,-18.33333
S. chilense,LA2880,-68.21667,-23.81667
S. neorickii,LA2862,-79.16667,-3.55
S. habrochaites,LA2863,-79.95,-4.38333
S. habrochaites,LA2864,-79.78333,-4.33333
S. neorickii,LA2865,-79.15,-3.41667
S. habrochaites,LA2867,-79.95,-4.11667
S. habrochaites,LA2868,-80.0494,-3.7569
S. habrochaites,LA2869,-79.36667,-4.11667
S. sitiens,LA2876,-68.96667,-22.31667
S. sitiens,LA2877,-69.1,-22.28333
S. pimpinellifolium,LA2914A,-77.01667,-12.13333
S. chilense,LA2879,-68.06139,-23.68528
S. lycopersicoides,LA2776,-69.59472,-18.2025
S. chilense,LA2881,-67.93361,-23.57722
S. chilense,LA2882,-67.95,-23.4
S. chilense,LA2883,-68.24278,-22.27917
S. chilense,LA2884,-68.36083,-22.24778
S. sitiens,LA2885,-68.98333,-23.03333
S. chilense,LA2886,-70.44694,-25.3225
S. chilense,LA2887,-70.43472,-25.24083
S. chilense,LA2888,-70.45,-25.01667
S. chilense,LA2889,-70.52056,-24.88806
S. sitiens,LA2878,-68.98333,-22.33333
S. pennellii,LA2719,-76.49083,-12.27139
S. chilense,LA2778,-69.55,-18.38333
S. lycopersicum,LA2690,-71.35889,-12.88833
S. lycopersicum,LA2691,-71.16667,-13.13333
S. lycopersicum,LA2692,-71.40361,-12.90917
S. lycopersicum,LA2693,-71.40361,-12.90917
S. lycopersicum,LA2694,-71.21667,-13.13333
S. chmielewskii,LA2695,-71.76167,-13.95722
S. lycopersicum,LA2699,-67.73333,-16.18333
S. lycopersicum,LA2710,-43.08333,-20.66667
S. lycopersicum,LA2688,-71.30111,-12.67833
S. pimpinellifolium,LA2718,-76.70528,-12.47556
S. lycopersicum,LA2686,-71.36639,-12.7675
S. pennellii,LA2720,-75.97,-12.83972
S. corneliomulleri,LA2721,-75.96556,-12.65778
S. habrochaites,LA2722,-75.95833,-12.58861
S. habrochaites,LA2723,-75.91528,-12.46056
S. corneliomulleri,LA2724,-75.88528,-12.45472
S. pimpinellifolium,LA2725,-75.86944,-13.71833
S. lycopersicum,LA2726,-75.86944,-13.71833
S. neorickii,LA2727,-79.16667,-3.45
S. habrochaites,LA2728,-79.25,-3.81667
S. corneliomulleri,LA2717,-76.70528,-12.47556
S. lycopersicum,LA2676,-69.15389,-14.22
S. lycopersicum,LA2638,-73.81667,-13.43333
S. neorickii,LA2639A,-72.59167,-13.55833
S. chmielewskii,LA2639B,-72.59167,-13.55833
S. lycopersicum,LA2668,-69.06694,-14.1525
S. lycopersicum,LA2669,-69.025,-14.1
S. lycopersicum,LA2670,-69.025,-14.1
S. lycopersicum,LA2671,-69.15083,-14.22083
S. lycopersicum,LA2672,-70.45583,-13.58667
S. lycopersicum,LA2673,-70.44778,-13.57222
S. lycopersicum,LA2689,-71.30111,-12.67
S. lycopersicum,LA2675,-70.46056,-13.63694
S. chilense,LA2731,-69.51667,-19.35
S. chmielewskii,LA2677,-72.32028,-13.6875
S. chmielewskii,LA2678,-72.32167,-13.6875
S. chmielewskii,LA2679,-72.33444,-13.69
S. chmielewskii,LA2680,-72.34,-13.68806
S. chmielewskii,LA2681,-72.34639,-13.68944
S. ochranthum,LA2682,-72.23639,-13.63389
S. lycopersicum,LA2683,-71.33333,-13.13333
S. lycopersicum,LA2684,-71.23333,-13.13333
S. lycopersicum,LA2685,-71.35528,-13.87972
S. lycopersicum,LA2674,-70.44139,-13.535
S. chilense,LA2767,-69.68333,-18.81667
S. chilense,LA2755,-69.18111,-19.68417
S. chilense,LA2757,-69.27444,-19.7675
S. chilense,LA2758,-69.37722,-20.07611
S. chilense,LA2759,-69.22139,-20.06667
S. chilense,LA2760,-69.18583,-20.07417
S. chilense,LA2761,-69.19556,-20.12667
S. chilense,LA2762,-69.21667,-20.05
S. chilense,LA2763,-69.20444,-20.02056
S. chilense,LA2764,-69.75,-18.83333
S. chilense,LA2729,-69.55,-19.38333
S. peruvianum,LA2766,-69.68333,-18.81667
S. chilense,LA2752,-69.38056,-19.86417
S. chilense,LA2768,-69.7,-18.85
S. peruvianum,LA2769,-70.18333,-18.8
S. peruvianum,LA2770,-70.3,-18.4
S. chilense,LA2771,-69.8625,-18.47583
S. lycopersicoides,LA2772,-69.63333,-18.36667
S. chilense,LA2773,-69.63333,-18.36667
S. chilense,LA2774,-69.6,-18.25
S. chilense,LA2775,-69.56667,-18.23333
S. chilense,LA2955,-69.45,-19.31667
S. chilense,LA2765,-69.68333,-18.76667
S. peruvianum,LA2742,-69.75,-19
S. lycopersicoides,LA2777,-69.56278,-18.20194
S. peruvianum,LA2732,-69.51667,-19.35
Other,LA2733,-69.6,-19.4
S. lycopersicoides,LA2734,-69.5,-19.33333
S. chilense,LA2735,-69.425,-19.30833
S. lycopersicoides,LA2736,-69.5,-19.33333
S. chilense,LA2737,-69.41667,-19.25
S. chilense,LA2738,-69.41667,-19.25
S. chilense,LA2739,-69.41667,-19.25
S. chilense,LA2754,-69.28222,-19.77472
S. peruvianum,LA2741,-69.83333,-19
S. chilense,LA2753,-69.33722,-19.85639
S. chilense,LA2743,-70.05944,-18.57583
S. peruvianum,LA2744,-70.15,-18.55
S. peruvianum,LA2745,-69.93333,-18.58333
S. chilense,LA2746,-69.93333,-18.58333
S. chilense,LA2747,-69.9,-18.58333
S. chilense,LA2748,-69.54778,-21.21333
S. chilense,LA2749,-70.21222,-22.16917
S. chilense,LA2750,-70.16306,-22.07028
S. chilense,LA2751,-69.43,-19.86444
S. lycopersicoides,LA2730,-69.51667,-19.35
S. chilense,LA2740,-69.41667,-19.25
S. chilense,LA4109,-70.51611,-24.91417
S. chilense,LA4118,-68.035,-23.1575
S. lycopersicoides,LA4018,-70.25,-17.33333
S. lycopersicoides,LA4019,-69.93333,-17.76667
S. neorickii,LA4020,-79.33333,-3.9
S. neorickii,LA4021,-78.88333,-2.85
S. neorickii,LA4023,-78.76667,-2.78333
S. pimpinellifolium,LA4027,-79.7175,-5.995
S. sitiens,LA4105,-69.24139,-24.21056
S. chilense,LA4106,-70.43278,-25.48139
S. habrochaites,LA3864,-79.18333,-4.38333
S. chilense,LA4108,-70.47583,-25.0525
S. habrochaites,LA3863,-79.78333,-4.33333
S. sitiens,LA4110,-69.04,-23.0925
S. sitiens,LA4111,-69.03333,-23.09778
S. sitiens,LA4112,-68.94806,-22.61722
S. sitiens,LA4113,-68.76222,-22.23472
S. sitiens,LA4114,-68.75667,-22.19056
S. sitiens,LA4115,-68.75917,-22.14694
S. sitiens,LA4116,-68.78167,-22.15944
S. chilense,LA4117A,-67.94083,-22.9075
S. chilense,LA2953,-69.43333,-19.3
S. chilense,LA4107,-70.44611,-25.31889
S. pennellii,LA3665,-75.25889,-14.50222
S. chmielewskii,LA3654,-73.02806,-13.90083
S. neorickii,LA3655,-73.01667,-13.93333
S. chmielewskii,LA3656,-73.02806,-13.83972
S. neorickii,LA3657,-73.05,-13.88944
S. chmielewskii,LA3658,-73.25,-14.05
S. chmielewskii,LA3659,-73.06944,-13.92833
S. neorickii,LA3660,-73.06944,-13.91667
S. chmielewskii,LA3661,-73.18389,-14.00861
S. chmielewskii,LA3662,-73.15,-13.91667
S. galapagense,LA3909,-90.55222,-0.28056
S. corneliomulleri,LA3664,-74.71667,-14.83333
S. chilense,LA4119,-67.93389,-23.55389
S. corneliomulleri,LA3666,-75.40917,-14.46306
Other,LA3774,-77.175,-9.58333
Other,LA3775,-71.97806,-13.51833
S. pennellii,LA3778,-75.03417,-14.77528
S. peruvianum,LA3779,-73.52611,-16.25139
S. chilense,LA3780,-73.52611,-16.25139
S. peruvianum,LA3781,-73.52611,-16.25028
S. peruvianum,LA3782,-73.65472,-16.21556
S. habrochaites,LA3862,-79.4,-4.2
S. chmielewskii,LA3663,-73.3,-14.11667
S. chilense,LA4334,-68.04444,-23.63
S. chilense,LA4117B,-67.94083,-22.9075
S. chilense,LA4324,-69.77417,-18.21806
S. peruvianum,LA4325,-70.33028,-18.75444
S. lycopersicoides,LA4326,-69.69583,-18.96833
S. chilense,LA4327,-69.65472,-18.935
S. peruvianum,LA4328,-69.61389,-18.92
S. chilense,LA4329,-68.48056,-22.30889
S. chilense,LA4330,-68.31972,-22.35083
S. sitiens,LA4331,-68.82083,-22.96944
S. lycopersicoides,LA4322,-69.76083,-18.43083
S. chilense,LA4333,-67.94139,-23.29611
S. chilense,LA4321,-69.75944,-18.47917
S. chilense,LA4335,-68.27528,-23.80361
S. chilense,LA4336,-70.43722,-25.26917
S. chilense,LA4337,-70.46222,-25.02694
S. chilense,LA4338,-70.41139,-25.50222
S. chilense,LA4339,-70.47222,-25.5375
S. peruvianum,LA4445,-70.05,-18.56667
S. peruvianum,LA4446,-69.96667,-18.56667
S. habrochaites,LA4654,-79.19167,-3.20917
S. habrochaites,LA4655,-79.21806,-3.23222
S. chilense,LA4332,-68.52194,-22.60889
S. lycopersicoides,LA4131,-69.55056,-18.92583
S. chilense,LA4120,-69.04111,-20.79528
S. chilense,LA4121,-69.28,-19.87889
S. chilense,LA4122,-69.20194,-19.5425
S. lycopersicoides,LA4123,-69.42056,-19.30611
S. chilense,LA4124,-69.42056,-19.30611
S. peruvianum,LA4125,-69.42056,-19.30611
S. lycopersicoides,LA4126,-69.39611,-19.28722
S. chilense,LA4127,-69.67333,-18.8725
S. peruvianum,LA4128,-69.60417,-18.90806
S. lycopersicoides,LA4323,-69.5425,-18.20806
S. lycopersicoides,LA4130,-69.60417,-18.90806
S. neorickii,LA3651,-72.86667,-13.76667
S. chilense,LA4132,-69.55056,-18.92583
S. lycopersicum,LA4133,-157.66083,21.31278
S. habrochaites,LA4137,-78.35,-7.16667
S. pimpinellifolium,LA4138,-76.95139,-12.09667
S. arcanum,LA4316,-78.83333,-7.13333
S. peruvianum,LA4317,-70.31444,-18.41639
S. peruvianum,LA4318,-69.87694,-18.35111
S. chilense,LA4319,-69.81639,-18.31861
S. lycopersicoides,LA4320,-69.805,-18.31778
S. chilense,LA4129,-69.60417,-18.90806
S. lycopersicum,LA3222,-77.05,-12.11667
S. chmielewskii,LA3653,-72.86667,-13.76667
S. lycopersicum,LA3126,-79.28333,-4.23333
S. chilense,LA3153,-70.84944,-17.07167
S. corneliomulleri,LA3154,-70.88333,-16.91667
S. chilense,LA3155,-70.87778,-16.74444
S. corneliomulleri,LA3156,-70.97,-16.83694
S. corneliomulleri,LA3157,-76.67639,-12.02806
S. peruvianum,LA3218,-72.08333,-16.95
S. corneliomulleri,LA3219,-72.08333,-17.01667
S. pimpinellifolium,LA3123,-90.38306,-0.62333
S. lycopersicum,LA3221,-77.05,-12.11667
S. chilense,LA3116,-70.33889,-18.10167
S. lycopersicum,LA3223,-77.05,-12.11667
S. lycopersicum,LA3224,-77.05,-12.11667
S. lycopersicum,LA3225,-77.05,-12.11667
S. lycopersicum,LA3226,-77.05,-12.11667
S. lycopersicum,LA3227,-77.05,-12.11667
S. juglandifolium,LA3322,-78.69722,-0.27972
S. juglandifolium,LA3323,-78.76667,-0.45
S. juglandifolium,LA3324,-79.08333,-3.96667
S. juglandifolium,LA3325,-77.81667,-0.61667
S. peruvianum,LA3220,-71.75,-17.05
S. habrochaites,LA2975,-77.68333,-9.55
S. lycopersicoides,LA2956,-69.51667,-19.35
S. chilense,LA2957,-69.51667,-19.35
S. peruvianum,LA2957B,-69.51667,-19.35
S. peruvianum,LA2958,-70.33333,-18.75
S. peruvianum,LA2959,-70.33333,-18.75
S. corneliomulleri,LA2962,-72.625,-15.84167
S. pennellii,LA2963,-72.49028,-16.025
S. peruvianum,LA2964,-70.835,-18.02833
S. chilense,LA2965,-70.05833,-17.85
S. cheesmaniae,LA3124,-90.04167,-0.80389
S. pimpinellifolium,LA2974,-78.99444,-8.13333
S. chilense,LA3356,-70.26667,-18.01667
S. habrochaites,LA2976,-77.7,-9.55833
S. lycopersicum,LA2977,-66.63333,-14.91667
S. lycopersicum,LA2978,-66.63333,-14.91667
S. chilense,LA2980,-70.86028,-17.09833
S. chilense,LA2981A,-70.83972,-17.05
S. corneliomulleri,LA2981B,-70.83972,-17.05
S. pimpinellifolium,LA2982,-76.76278,-12.53194
S. pimpinellifolium,LA2983,-76.76278,-12.53194
S. chilense,LA3115,-70.22111,-17.80528
S. pimpinellifolium,LA2966,-76.95,-12.08333
S. pimpinellifolium,LA3798,-77.44278,-10.65472
S. peruvianum,LA3787,-73.74167,-15.57361
S. pennellii,LA3788,-73.64278,-16.13833
S. pennellii,LA3789,-73.60194,-16.00278
S. peruvianum,LA3790,-73.39389,-15.78778
S. pennellii,LA3791,-73.39389,-15.78778
S. peruvianum,LA3792,-74.35083,-15.76722
S. neorickii,LA3793,-76.19583,-10.36694
S. habrochaites,LA3794,-77.3625,-10.15028
S. huaylasense,LA3795,-77.35,-10.15
S. juglandifolium,LA3326,-78.98333,-1.81667
S. huaylasense,LA3797,-77.49472,-10.11972
S. chilense,LA3784,-73.85056,-15.73111
S. huaylasense,LA3799,-77.44278,-10.65472
S. pimpinellifolium,LA3803,-79.44167,-7.15833
S. habrochaites,LA3804,-78.53333,-7.16667
S. pimpinellifolium,LA3852,-76.88333,-12.23333
S. habrochaites,LA3854,-78.73333,-7.71667
S. chmielewskii,LA3648,-72.33333,-13.68333
S. ochranthum,LA3649,-72.64833,-14.06278
S. ochranthum,LA3650,-72.84389,-13.80083
S. lycopersicum,LA2633,-72.53944,-13.00639
S. habrochaites,LA3796,-77.49472,-10.11972
S. corneliomulleri,LA3637,-76.4,-12.68333
S. lycopersicum,LA3652,-72.86667,-13.76667
S. chilense,LA3357,-70.33333,-18.05
S. chilense,LA3358,-70.21667,-18.06667
S. pimpinellifolium,LA3467,-80.93333,-3.98333
S. pimpinellifolium,LA3468,-76.96667,-12.16667
S. juglandifolium,LA3622,-77.83333,-0.76667
S. lycopersicum,LA3623,-80.28333,-0.96667
S. lycopersicum,LA3624,-77.83333,-1.16667
S. pimpinellifolium,LA3634,-76.53333,-12.76667
S. chilense,LA3786,-73.74167,-15.57361
S. peruvianum,LA3636,-76.4,-12.68333
S. chilense,LA3785,-73.80111,-15.61583
S. pimpinellifolium,LA3638,-76.31667,-12.56667
S. corneliomulleri,LA3639,-76.31667,-12.56667
S. chmielewskii,LA3642,-71.83444,-13.81361
S. chmielewskii,LA3643,-71.83361,-13.99
S. chmielewskii,LA3644,-71.93694,-13.82778
S. chmielewskii,LA3645,-71.93944,-13.83639
S. lycopersicum,LA3646,-71.95,-13.83333
S. ochranthum,LA3647,-72.23639,-13.63389
S. corneliomulleri,LA3783,-73.85056,-15.73111
S. chilense,LA3355,-70.3,-18.05
S. pennellii,LA3635,-76.3,-12.53333
S. pimpinellifolium,LA2187,-78.05,-5.925
S. neorickii,LA2200,-77.73333,-6.26667
S. lycopersicum,LA2177E,-78.99,-5.15
S. lycopersicum,LA2177F,-78.99,-5.15
S. pimpinellifolium,LA2178,-78.72333,-5.65111
S. pimpinellifolium,LA2180,-78.87,-5.43
S. pimpinellifolium,LA2181,-78.78306,-5.77583
S. pimpinellifolium,LA2182,-78.66278,-5.93083
S. pimpinellifolium,LA2183,-78.67,-5.74
S. pimpinellifolium,LA2184,-78.55056,-5.5875
S. lycopersicum,LA2177B,-78.99,-5.15
S. pimpinellifolium,LA2186,-78.16667,-5.89167
S. lycopersicum,LA2177A,-78.9925,-5.16083
S. neorickii,LA2190,-78.06667,-5.925
S. neorickii,LA2192,-77.90833,-5.79167
S. neorickii,LA2193,-77.91861,-6.05806
S. neorickii,LA2194,-77.90611,-6.23167
S. neorickii,LA2195,-77.9,-6.20556
S. habrochaites,LA2196,-77.91139,-6.18111
S. neorickii,LA2197,-77.89611,-6.10778
S. neorickii,LA2198,-77.81667,-6.275
S. lycopersicum,LA2635,-72.53944,-13.00639
S. arcanum,LA2185,-78.55,-5.51222
S. ochranthum,LA2166,-79.02222,-6.33861
S. peruvianum,LA2148,-78.91667,-7.21667
S. pimpinellifolium,LA2149,-78.78778,-7.21806
S. arcanum,LA2150,-78.78778,-7.21806
S. arcanum,LA2151,-78.625,-7.275
S. habrochaites,LA2159,-78.87111,-6.45167
S. ochranthum,LA2160,-78.85,-6.4
S. ochranthum,LA2161,-78.87083,-6.41833
S. ochranthum,LA2162,-78.75,-6.36667
S. arcanum,LA2163,-78.89833,-6.49444
S. lycopersicum,LA2177C,-78.99,-5.15
S. ochranthum,LA2165,-79.01667,-6.4
S. neorickii,LA2201,-77.7,-6.21667
S. habrochaites,LA2167,-78.50778,-7.16972
S. arcanum,LA2168,-78.16667,-7.33333
S. arcanum,LA2169,-78.88083,-6.47611
S. pimpinellifolium,LA2170,-79.2,-7.23
S. habrochaites,LA2171,-79.5448,-5.9254
S. arcanum,LA2172,-78.90806,-6.00056
S. habrochaites,LA2174,-78.96667,-5.11667
S. habrochaites,LA2175,-79.00833,-5.14167
S. pimpinellifolium,LA2176,-79.00833,-5.14167
S. arcanum,LA2164,-78.92528,-6.46972
S. lycopersicum,LA2236,-77.09139,-6.08139
S. habrochaites,LA2199,-77.83333,-6.23333
S. lycopersicum,LA2226,-76.96667,-6.05
S. lycopersicum,LA2227,-76.96667,-6.05
S. lycopersicum,LA2228,-76.96667,-6.05
S. lycopersicum,LA2229,-76.96667,-6.05
S. lycopersicum,LA2230,-76.96667,-6.05
S. lycopersicum,LA2231,-76.96667,-6.05
S. lycopersicum,LA2232,-76.96667,-6.05
S. lycopersicum,LA2233,-76.96667,-6.05
S. lycopersicum,LA2224,-76.96667,-6.05
S. lycopersicum,LA2235,-76.96667,-6.05
S. lycopersicum,LA2223,-76.96667,-6.05
S. lycopersicum,LA2237,-77.075,-6.08333
S. lycopersicum,LA2238,-77.075,-6.08333
S. lycopersicum,LA2239,-77.075,-6.08333
S. lycopersicum,LA2240,-77.075,-6.08333
S. lycopersicum,LA2241,-77.075,-6.08333
S. lycopersicum,LA2242,-77.075,-6.08333
S. lycopersicum,LA2243,-77.075,-6.08333
S. lycopersicum,LA2244,-77.075,-6.08333
S. lycopersicum,LA2245,-77.10194,-6.13972
S. lycopersicum,LA2234,-76.96667,-6.05
S. lycopersicum,LA2213,-77.33333,-5.85
S. neorickii,LA2202,-77.8975,-6.11583
S. ochranthum,LA2203,-77.98472,-5.83417
S. habrochaites,LA2204,-77.86611,-5.79722
S. lycopersicum,LA2205A,-77.55056,-5.7325
S. lycopersicum,LA2206,-77.39889,-5.80611
S. lycopersicum,LA2207,-77.3825,-5.81528
S. lycopersicum,LA2208,-77.3825,-5.81528
S. lycopersicum,LA2209,-77.3825,-5.81528
S. lycopersicum,LA2210,-77.3825,-5.81528
S. lycopersicum,LA2225,-76.96667,-6.05
S. lycopersicum,LA2212,-77.3825,-5.81528
S. pimpinellifolium,LA2145,-79.28333,-1.78333
S. lycopersicum,LA2214,-77.33333,-5.85
S. lycopersicum,LA2215,-77.33333,-5.85
S. lycopersicum,LA2216,-77.33333,-5.85
S. lycopersicum,LA2217,-77.33333,-5.85
S. lycopersicum,LA2218,-77.33333,-5.85
S. lycopersicum,LA2219,-77.33333,-5.85
S. lycopersicum,LA2220,-77.33333,-5.85
S. lycopersicum,LA2221,-76.96667,-6.05
S. lycopersicum,LA2222,-76.96667,-6.05
S. lycopersicum,LA2211,-77.3825,-5.81528
S. habrochaites,LA2098,-79.81278,-4.36583
S. pimpinellifolium,LA2147,-78.98333,-7.2
S. lycopersicoides,LA1991,-69.94194,-17.76556
S. pimpinellifolium,LA1992,-76.75,-12.06667
S. arcanum,LA2066,-79.13333,-7.25
S. huaylasense,LA2068,-77.6,-10.3
S. habrochaites,LA2092,-78.96361,-1.98028
S. pimpinellifolium,LA2093,-79.88806,-3.62806
S. lycopersicum,LA2094,-79.6425,-3.86444
S. lycopersicum,LA2095,-79.64611,-3.93528
S. huaylasense,LA1981,-77.82889,-8.82972
S. pimpinellifolium,LA2097,-79.91806,-4.39389
S. habrochaites,LA1980,-77.3525,-10.15667
S. habrochaites,LA2099,-79.80222,-4.35306
S. habrochaites,LA2100,-79.79639,-4.36
S. habrochaites,LA2101,-79.5625,-4.33222
S. pimpinellifolium,LA2102,-79.4675,-4.40167
S. habrochaites,LA2103,-79.45,-4.23333
S. habrochaites,LA2104,-79.40444,-4.22806
S. habrochaites,LA2105,-79.19889,-4.03417
S. habrochaites,LA2106,-79.23,-4.20333
S. habrochaites,LA2107,-79.21667,-4.18333
S. pimpinellifolium,LA2096,-79.64972,-4.05056
S. chilense,LA1970,-70.0425,-17.46528
S. habrochaites,LA4656,-80.09028,-1.04889
S. chilense,LA1960,-70.86667,-17.08333
S. chilense,LA1961,-70.61667,-17.23333
S. chilense,LA1962,-70.31667,-17.95
S. chilense,LA1963,-70.31667,-18.06667
S. lycopersicoides,LA1964,-69.90889,-17.75472
S. chilense,LA1965,-69.93889,-17.76667
S. lycopersicoides,LA1966,-69.95889,-17.77639
S. chilense,LA1967,-70.15528,-17.89722
S. lycopersicoides,LA1990,-69.99778,-17.81194
S. chilense,LA1969,-70.02833,-17.55278
S. habrochaites,LA2110,-79.17528,-4.36694
S. chilense,LA1971,-70.03806,-17.58806
S. chilense,LA1972,-70.52611,-17.83861
S. corneliomulleri,LA1973,-71.65222,-16.29333
S. sitiens,LA1974,-68.93333,-22.31667
S. peruvianum,LA1975,-76.48333,-12.26667
S. lycopersicum,LA1976A,-70.16083,-17.91
S. peruvianum,LA1977,-76.46444,-12.12194
S. habrochaites,LA1978,-77.48444,-10.1075
S. huaylasense,LA1979,-77.48444,-10.1075
S. chilense,LA1968,-70.17639,-17.76167
S. lycopersicum,LA2138A,-78.20806,-2.65861
S. lycopersicum,LA2127,-78.77861,-3.89139
S. habrochaites,LA2128,-78.7802,-3.8936
S. lycopersicum,LA2129,-78.60639,-3.69222
S. lycopersicum,LA2130,-78.58028,-3.40306
S. lycopersicum,LA2131,-78.55528,-3.45444
S. lycopersicum,LA2132,-78.53083,-3.53083
S. neorickii,LA2133,-79.18333,-3.4
S. juglandifolium,LA2134,-79.03333,-3.18333
S. lycopersicum,LA2135,-78.36667,-2.98333
S. habrochaites,LA2108,-79.15917,-4.40694
S. lycopersicum,LA2137,-78.2,-2.66667
S. lycopersicum,LA2126B,-78.69722,-3.93056
S. lycopersicum,LA2138B,-78.26667,-2.63333
S. lycopersicum,LA2139A,-78.19417,-2.61833
S. lycopersicum,LA2139B,-78.18333,-2.6
S. lycopersicum,LA2140A,-78.1625,-2.53889
S. lycopersicum,LA2140B,-78.16667,-2.53333
S. lycopersicum,LA2140C,-78.16667,-2.53333
S. lycopersicum,LA2141,-78.16,-2.39
S. habrochaites,LA2144,-78.9825,-2.29
S. lycopersicum,LA2248,-77.08333,-6.14167
S. lycopersicum,LA2136,-78.22389,-3.00556
S. lycopersicum,LA2121,-78.88639,-3.84389
S. pimpinellifolium,LA2146,-79.41611,-7.30194
S. pimpinellifolium,LA2111,-79.39028,-3.96167
S. pimpinellifolium,LA2112,-79.43333,-3.95
S. neorickii,LA2113,-79.29,-4
S. habrochaites,LA2114,-79.225,-3.93333
S. habrochaites,LA2115,-79.21194,-3.84139
S. habrochaites,LA2116,-79.2375,-3.82833
S. ochranthum,LA2117,-79.28333,-3.63333
S. ochranthum,LA2118,-79.25,-3.75
S. lycopersicum,LA2126D,-78.69722,-3.93056
S. juglandifolium,LA2120,-79.05,-3.96667
S. lycopersicum,LA2126C,-78.69722,-3.93056
S. lycopersicum,LA2122A,-78.88639,-3.84389
S. lycopersicum,LA2122B,-78.88639,-3.84389
S. lycopersicum,LA2122C,-78.88639,-3.84389
S. lycopersicum,LA2122D,-78.88639,-3.84389
S. lycopersicum,LA2123A,-78.84972,-3.91083
S. lycopersicum,LA2123B,-78.84972,-3.91083
S. habrochaites,LA2124,-78.86306,-3.99056
S. lycopersicum,LA2125,-78.67889,-3.93361
S. lycopersicum,LA2126A,-78.69722,-3.93056
S. habrochaites,LA2109,-79.17639,-4.36889
S. habrochaites,LA2119,-79.23806,-3.62222
S. lycopersicum,LA2402,-48.55,-27.6
S. pimpinellifolium,LA2389,-79.13333,-7.25
S. lycopersicum,LA2667,-69.07472,-14.1825
S. pimpinellifolium,LA2839,-78.06667,-5.925
S. pimpinellifolium,LA2840,-78.5,-5.65
S. lycopersicum,LA2841,-78.68333,-5.75
S. lycopersicum,LA2842,-76.91667,-6.1
S. lycopersicum,LA2843,-76.96667,-6.03333
S. lycopersicum,LA2844,-76.59167,-6.40833
S. lycopersicum,LA2845,-76.96667,-6.03333
S. lycopersicum,LA2665,-69.14722,-14.2175
S. pimpinellifolium,LA2401,-78.22778,-9.50833
S. lycopersicum,LA2664,-69.17028,-14.25833
S. neorickii,LA2403,-76.175,-10.16667
S. chilense,LA2404,-69.66667,-18.71667
S. chilense,LA2405,-69.5,-18.58333
S. chilense,LA2406,-69.76667,-18.45
S. lycopersicoides,LA2407,-69.76667,-18.43333
S. lycopersicoides,LA2408,-69.55,-18.2
S. habrochaites,LA2409,-75.8075,-12.28944
S. habrochaites,LA2410,-78.8,-7.41667
S. lycopersicum,LA2411,-69.16667,-14.25
S. habrochaites,LA2846,-77.9,-5.76667
S. pimpinellifolium,LA2649,-80.16667,-5.575
S. lycopersicum,LA2246,-77.08333,-6.14167
S. pimpinellifolium,LA2391,-79.14167,-7.225
S. lycopersicum,LA2393,-85.36667,9.98333
S. lycopersicum,LA2394,-85.43333,10.01667
S. lycopersicum,LA2395,-89.16667,13.86667
S. lycopersicum,LA2640,-72.90833,-13.64167
S. lycopersicum,LA2642,-72.90833,-13.64167
S. pimpinellifolium,LA2645,-80.18333,-5.16667
S. pimpinellifolium,LA2646,-79.8,-5.05
S. lycopersicum,LA2666,-69.14722,-14.2175
S. habrochaites,LA2648,-79.87417,-5.02611
S. pimpinellifolium,LA2534,-79.75,-6.725
S. habrochaites,LA2650,-79.95,-4.63
S. habrochaites,LA2651,-79.86667,-4.7
S. pimpinellifolium,LA2653,-80.58333,-4.75
S. pennellii,LA2654,-81.1675,-5.12917
S. pimpinellifolium,LA2655,-80.825,-4.90833
S. pimpinellifolium,LA2656,-80.7,-3.8
S. pennellii,LA2657,-81.01667,-5.83333
S. pimpinellifolium,LA2659,-80.625,-5.21667
S. chmielewskii,LA2663,-71.99417,-13.69556
S. pimpinellifolium,LA2647,-79.98333,-5.175
S. neorickii,LA2613,-76.15,-10.25833
S. arcanum,LA2566,-77.01667,-9.3
S. habrochaites,LA2567,-77.7,-9.55
S. habrochaites,LA2568,-77.71667,-9.55
S. habrochaites,LA2569,-77.73333,-9.55
S. habrochaites,LA2574,-77.8,-9.53333
S. huaylasense,LA2575,-77.83333,-9.54167
S. pimpinellifolium,LA2576,-77.89167,-9.55
S. pimpinellifolium,LA2578,-77.925,-9.525
S. pennellii,LA2580,-78.00833,-9.51667
S. pimpinellifolium,LA2412,-76.71667,-12.48333
S. arcanum,LA2582,-78.5,-7.3
S. huaylasense,LA2562,-77.85,-8.80833
S. neorickii,LA2615,-76.20833,-10.10833
S. lycopersicum,LA2616,-75.98333,-9.23333
S. lycopersicum,LA2622,-74.53444,-8.32667
S. lycopersicum,LA2623,-74.50222,-8.44472
S. lycopersicum,LA2624,-72.43333,-13.1
S. lycopersicum,LA2626,-72.71667,-12.86667
S. lycopersicum,LA2630,-72.61667,-12.76667
S. lycopersicum,LA2632,-72.65,-12.95
S. chilense,LA1958,-71.25,-17.25
S. peruvianum,LA2581,-70.18333,-18.8
S. pimpinellifolium,LA2546,-79.08333,-7.25833
S. arcanum,LA2388,-78.9,-6.46667
S. pimpinellifolium,LA2535,-79.64167,-6.74167
S. pimpinellifolium,LA2536,-79.59167,-6.74167
S. pimpinellifolium,LA2537,-79.43333,-6.66667
S. pimpinellifolium,LA2538,-79.43333,-6.66667
S. pimpinellifolium,LA2539,-79.46667,-6.69167
S. pimpinellifolium,LA2540,-79.54167,-6.74167
S. habrochaites,LA2541,-79.5448,-5.9254
S. pimpinellifolium,LA2543,-79.46667,-7.31667
S. peruvianum,LA2564,-77.83333,-8.96667
S. pimpinellifolium,LA2545,-79.13333,-7.25
S. huaylasense,LA2563,-77.85,-8.80833
S. pimpinellifolium,LA2547,-79.01667,-7.18333
S. arcanum,LA2548,-78.78694,-7.21639
S. pimpinellifolium,LA2549,-78.78694,-7.21639
S. arcanum,LA2550,-78.58333,-7.28333
S. arcanum,LA2553,-78.16667,-7.33333
S. peruvianum,LA2558,-78.63333,-8
S. pennellii,LA2559,-78.36861,-8.68722
S. pennellii,LA2560,-78.30778,-8.66667
S. huaylasense,LA2561,-77.86667,-8.81667
S. pimpinellifolium,LA2533,-77.36,-11.3
S. pimpinellifolium,LA2544,-79.33333,-7.3
S. lycopersicum,LA2279,-76.65,-6.35
S. pimpinellifolium,LA2390,-79.14167,-7.23333
S. lycopersicum,LA2269,-76.68333,-6.32222
S. lycopersicum,LA2270,-76.725,-6.20833
S. lycopersicum,LA2271,-76.725,-6.20833
S. lycopersicum,LA2272,-76.725,-6.20833
S. lycopersicum,LA2273,-76.725,-6.20833
S. lycopersicum,LA2274,-76.725,-6.20833
S. lycopersicum,LA2275,-76.725,-6.20833
S. lycopersicum,LA2276,-76.725,-6.20833
S. lycopersicum,LA2267,-76.83333,-6.18333
S. lycopersicum,LA2278,-76.63417,-6.38972
S. lycopersicum,LA2266,-76.83333,-6.18333
S. lycopersicum,LA2280,-76.65,-6.35
S. lycopersicum,LA2281,-76.65,-6.35
S. lycopersicum,LA2282,-76.65,-6.35
S. lycopersicum,LA2283,-76.36,-6.48778
S. lycopersicum,LA2284,-76.36556,-6.50139
S. lycopersicum,LA2285,-76.36556,-6.50139
S. lycopersicum,LA2286,-76.36556,-6.50139
S. lycopersicum,LA2287,-76.36556,-6.50139
S. lycopersicum,LA2288,-76.36556,-6.50139
S. lycopersicum,LA2277,-76.725,-6.20833
S. lycopersicum,LA2259A,-76.97472,-6.03472
S. lycopersicum,LA2634,-72.53944,-13.00639
S. lycopersicum,LA2249,-77.08333,-6.14167
S. lycopersicum,LA2250,-77.08333,-6.14167
S. lycopersicum,LA2251,-77.08333,-6.14167
S. lycopersicum,LA2252,-77.08333,-6.14167
S. lycopersicum,LA2253,-77.08333,-6.14167
S. lycopersicum,LA2254,-76.96444,-6.02417
S. lycopersicum,LA2255,-76.96667,-6.03333
S. lycopersicum,LA2256,-76.96667,-6.03333
S. lycopersicum,LA2268,-76.83333,-6.18333
S. lycopersicum,LA2258,-77.01278,-5.96889
S. lycopersicum,LA2291,-76.36556,-6.50139
S. lycopersicum,LA2259B,-76.96667,-6.05
S. lycopersicum,LA2259C,-76.96667,-6.05
S. lycopersicum,LA2259D,-76.96667,-6.05
S. lycopersicum,LA2260,-76.81917,-6.22278
S. lycopersicum,LA2261,-76.85,-6.21667
S. lycopersicum,LA2262,-76.85,-6.21667
S. lycopersicum,LA2263,-76.85,-6.21667
S. lycopersicum,LA2264,-76.85,-6.21667
S. lycopersicum,LA2265,-76.77333,-6.27167
S. lycopersicum,LA2257,-76.97639,-6.03056
S. arcanum,LA2326,-77.97861,-6.84889
S. neorickii,LA2315,-77.9,-6.36667
S. lycopersicum,LA2316,-77.9,-6.36667
S. neorickii,LA2317,-77.86667,-6.4
S. neorickii,LA2318,-77.83333,-6.46667
S. neorickii,LA2319,-77.79806,-6.65806
S. ochranthum,LA2320,-77.79806,-6.65806
S. habrochaites,LA2321,-77.89167,-6.38333
S. habrochaites,LA2322,-77.79861,-6.68639
S. ochranthum,LA2323,-77.7975,-6.7
S. lycopersicum,LA2289,-76.36556,-6.50139
S. neorickii,LA2325,-77.95389,-6.84111
S. lycopersicum,LA2312,-77.78333,-5.90833
S. arcanum,LA2327,-78.10833,-7.45833
S. arcanum,LA2328,-77.71278,-7.82028
S. lycopersicum,LA2381,-79.21667,-4
S. lycopersicum,LA2382,-79.21667,-4
S. lycopersicum,LA2383,-79.21667,-4
S. lycopersicum,LA2384,-79.21667,-4
S. lycopersicoides,LA2385,-69.93333,-17.76667
S. lycopersicoides,LA2386,-69.93333,-17.76667
S. lycopersicoides,LA2387,-70.31667,-17.36667
S. habrochaites,LA2324,-77.7975,-6.7
S. lycopersicum,LA2302,-76.36556,-6.50139
S. lycopersicum,LA2247,-77.08333,-6.14167
S. lycopersicum,LA2292,-76.36556,-6.50139
S. lycopersicum,LA2293,-76.36556,-6.50139
S. lycopersicum,LA2294,-76.36556,-6.50139
S. lycopersicum,LA2295,-76.36556,-6.50139
S. lycopersicum,LA2296,-76.36556,-6.50139
S. lycopersicum,LA2297,-76.36556,-6.50139
S. lycopersicum,LA2298,-76.36556,-6.50139
S. lycopersicum,LA2299,-76.36556,-6.50139
S. habrochaites,LA2314,-77.86667,-6.41667
S. lycopersicum,LA2301,-76.36556,-6.50139
S. lycopersicum,LA2313,-77.78333,-5.90833
S. lycopersicum,LA2303,-76.36556,-6.50139
S. lycopersicum,LA2304,-76.36556,-6.50139
S. lycopersicum,LA2305,-76.36556,-6.50139
S. lycopersicum,LA2306,-76.36556,-6.50139
S. lycopersicum,LA2307,-76.36556,-6.50139
S. lycopersicum,LA2308,-76.33333,-6.73333
S. lycopersicum,LA2309,-76.375,-6.825
S. lycopersicum,LA2310,-76.375,-6.825
S. lycopersicum,LA2311,-76.375,-6.825
S. lycopersicum,LA2290,-76.36556,-6.50139
S. lycopersicum,LA2300,-76.36556,-6.50139